{
    "batch_size": 2048,
    "best_eval_metric": 0.9855267405509949,
    "best_increase_batch_size_eval_metric": Infinity,
    "best_reduce_learning_rate_eval_metric": Infinity,
    "epoch": 4,
    "last_improvement": 0,
    "last_improvement_steps": 128,
    "last_increase_batch_size": 0,
    "last_increase_batch_size_eval_metric_improvement": 0,
    "last_increase_batch_size_steps": 0,
    "last_learning_rate_reduction": 0,
    "last_learning_rate_reduction_steps": 0,
    "last_reduce_learning_rate_eval_metric_improvement": 0,
    "learning_rate": 0.025,
    "num_increases_batch_size": 0,
    "num_reductions_learning_rate": 0,
    "steps": 160,
    "test_metrics": {
        "combined": {
            "loss": [
                [
                    0,
                    32,
                    0.2749938599736197
                ],
                [
                    1,
                    64,
                    0.18577003858808894
                ],
                [
                    2,
                    96,
                    0.13258185517042875
                ],
                [
                    3,
                    128,
                    0.08760031849669758
                ]
            ]
        },
        "hazardous": {
            "accuracy": [
                [
                    0,
                    32,
                    0.8983621001243591
                ],
                [
                    1,
                    64,
                    0.9044835567474365
                ],
                [
                    2,
                    96,
                    0.9355870485305786
                ],
                [
                    3,
                    128,
                    0.9636574387550354
                ]
            ],
            "loss": [
                [
                    0,
                    32,
                    0.27491962909698486
                ],
                [
                    1,
                    64,
                    0.18570367991924286
                ],
                [
                    2,
                    96,
                    0.13252046704292297
                ],
                [
                    3,
                    128,
                    0.08754168450832367
                ]
            ],
            "roc_auc": [
                [
                    0,
                    32,
                    0.8127028942108154
                ],
                [
                    1,
                    64,
                    0.9286696314811707
                ],
                [
                    2,
                    96,
                    0.9663209319114685
                ],
                [
                    3,
                    128,
                    0.9850084185600281
                ]
            ]
        }
    },
    "train_metrics": {
        "combined": {
            "loss": [
                [
                    0,
                    32,
                    0.26635212112159934
                ],
                [
                    1,
                    64,
                    0.1799658554009511
                ],
                [
                    2,
                    96,
                    0.12121414756256854
                ],
                [
                    3,
                    128,
                    0.0764979083869548
                ]
            ]
        },
        "hazardous": {
            "accuracy": [
                [
                    0,
                    32,
                    0.9040465354919434
                ],
                [
                    1,
                    64,
                    0.9111023545265198
                ],
                [
                    2,
                    96,
                    0.9421230554580688
                ],
                [
                    3,
                    128,
                    0.9679421782493591
                ]
            ],
            "loss": [
                [
                    0,
                    32,
                    0.26627808809280396
                ],
                [
                    1,
                    64,
                    0.17989811301231384
                ],
                [
                    2,
                    96,
                    0.12115166336297989
                ],
                [
                    3,
                    128,
                    0.07643859088420868
                ]
            ],
            "roc_auc": [
                [
                    0,
                    32,
                    0.8082901835441589
                ],
                [
                    1,
                    64,
                    0.9299538731575012
                ],
                [
                    2,
                    96,
                    0.9707050919532776
                ],
                [
                    3,
                    128,
                    0.9881786704063416
                ]
            ]
        }
    },
    "tune_checkpoint_num": 4,
    "validation_metrics": {
        "combined": {
            "loss": [
                [
                    0,
                    32,
                    0.2600237323276815
                ],
                [
                    1,
                    64,
                    0.18336968552466715
                ],
                [
                    2,
                    96,
                    0.12814138604153413
                ],
                [
                    3,
                    128,
                    0.08353304961929098
                ]
            ]
        },
        "hazardous": {
            "accuracy": [
                [
                    0,
                    32,
                    0.9016321301460266
                ],
                [
                    1,
                    64,
                    0.9075871109962463
                ],
                [
                    2,
                    96,
                    0.9359285235404968
                ],
                [
                    3,
                    128,
                    0.96471107006073
                ]
            ],
            "loss": [
                [
                    0,
                    32,
                    0.25994959473609924
                ],
                [
                    1,
                    64,
                    0.18330249190330505
                ],
                [
                    2,
                    96,
                    0.12807932496070862
                ],
                [
                    3,
                    128,
                    0.08347399532794952
                ]
            ],
            "roc_auc": [
                [
                    0,
                    32,
                    0.8111209869384766
                ],
                [
                    1,
                    64,
                    0.9231897592544556
                ],
                [
                    2,
                    96,
                    0.9638838768005371
                ],
                [
                    3,
                    128,
                    0.9855267405509949
                ]
            ]
        }
    }
}