{
    "batch_size": 512,
    "best_eval_metric": 0.9808773994445801,
    "best_increase_batch_size_eval_metric": Infinity,
    "best_reduce_learning_rate_eval_metric": Infinity,
    "epoch": 4,
    "last_improvement": 0,
    "last_improvement_steps": 500,
    "last_increase_batch_size": 0,
    "last_increase_batch_size_eval_metric_improvement": 0,
    "last_increase_batch_size_steps": 0,
    "last_learning_rate_reduction": 0,
    "last_learning_rate_reduction_steps": 0,
    "last_reduce_learning_rate_eval_metric_improvement": 0,
    "learning_rate": 0.005,
    "num_increases_batch_size": 0,
    "num_reductions_learning_rate": 0,
    "steps": 625,
    "test_metrics": {
        "combined": {
            "loss": [
                [
                    0,
                    125,
                    0.24880694830790162
                ],
                [
                    1,
                    250,
                    0.1840855125337839
                ],
                [
                    2,
                    375,
                    0.14615480555221438
                ],
                [
                    3,
                    500,
                    0.10501336632296443
                ]
            ]
        },
        "hazardous": {
            "accuracy": [
                [
                    0,
                    125,
                    0.8983621001243591
                ],
                [
                    1,
                    250,
                    0.9078475832939148
                ],
                [
                    2,
                    375,
                    0.9363591074943542
                ],
                [
                    3,
                    500,
                    0.9568741917610168
                ]
            ],
            "loss": [
                [
                    0,
                    125,
                    0.24164335429668427
                ],
                [
                    1,
                    250,
                    0.1789311170578003
                ],
                [
                    2,
                    375,
                    0.1416245996952057
                ],
                [
                    3,
                    500,
                    0.10085224360227585
                ]
            ],
            "roc_auc": [
                [
                    0,
                    125,
                    0.8597664833068848
                ],
                [
                    1,
                    250,
                    0.9339866042137146
                ],
                [
                    2,
                    375,
                    0.9626750946044922
                ],
                [
                    3,
                    500,
                    0.9782354235649109
                ]
            ]
        }
    },
    "train_metrics": {
        "combined": {
            "loss": [
                [
                    0,
                    125,
                    0.24196831975132227
                ],
                [
                    1,
                    250,
                    0.17340475926175714
                ],
                [
                    2,
                    375,
                    0.12819113535806537
                ],
                [
                    3,
                    500,
                    0.08630837313830853
                ]
            ]
        },
        "hazardous": {
            "accuracy": [
                [
                    0,
                    125,
                    0.9040465354919434
                ],
                [
                    1,
                    250,
                    0.9126895666122437
                ],
                [
                    2,
                    375,
                    0.9458159804344177
                ],
                [
                    3,
                    500,
                    0.9652235507965088
                ]
            ],
            "loss": [
                [
                    0,
                    125,
                    0.23481234908103943
                ],
                [
                    1,
                    250,
                    0.16789934039115906
                ],
                [
                    2,
                    375,
                    0.12352447956800461
                ],
                [
                    3,
                    500,
                    0.08205988258123398
                ]
            ],
            "roc_auc": [
                [
                    0,
                    125,
                    0.8582466244697571
                ],
                [
                    1,
                    250,
                    0.9391092658042908
                ],
                [
                    2,
                    375,
                    0.9716773629188538
                ],
                [
                    3,
                    500,
                    0.9867356419563293
                ]
            ]
        }
    },
    "tune_checkpoint_num": 4,
    "validation_metrics": {
        "combined": {
            "loss": [
                [
                    0,
                    125,
                    0.2423906810581684
                ],
                [
                    1,
                    250,
                    0.18283199984580278
                ],
                [
                    2,
                    375,
                    0.1432144525460899
                ],
                [
                    3,
                    500,
                    0.10053108679130673
                ]
            ]
        },
        "hazardous": {
            "accuracy": [
                [
                    0,
                    125,
                    0.9015218615531921
                ],
                [
                    1,
                    250,
                    0.9075871109962463
                ],
                [
                    2,
                    375,
                    0.9367004632949829
                ],
                [
                    3,
                    500,
                    0.9580944180488586
                ]
            ],
            "loss": [
                [
                    0,
                    125,
                    0.23523327708244324
                ],
                [
                    1,
                    250,
                    0.17745670676231384
                ],
                [
                    2,
                    375,
                    0.13859692215919495
                ],
                [
                    3,
                    500,
                    0.09631417691707611
                ]
            ],
            "roc_auc": [
                [
                    0,
                    125,
                    0.8621048927307129
                ],
                [
                    1,
                    250,
                    0.9327791333198547
                ],
                [
                    2,
                    375,
                    0.962490439414978
                ],
                [
                    3,
                    500,
                    0.9808773994445801
                ]
            ]
        }
    }
}