{
    "batch_size": 128,
    "best_eval_metric": 495.9842529296875,
    "best_increase_batch_size_eval_metric": Infinity,
    "best_reduce_learning_rate_eval_metric": Infinity,
    "epoch": 14,
    "last_improvement": 2490,
    "last_improvement_steps": 4482,
    "last_increase_batch_size": 0,
    "last_increase_batch_size_eval_metric_improvement": 0,
    "last_increase_batch_size_steps": 0,
    "last_learning_rate_reduction": 0,
    "last_learning_rate_reduction_steps": 0,
    "last_reduce_learning_rate_eval_metric_improvement": 0,
    "learning_rate": 0.001,
    "num_increases_batch_size": 0,
    "num_reductions_learning_rate": 0,
    "steps": 6972,
    "test_metrics": {
        "combined": {
            "loss": [
                [
                    0,
                    498,
                    206569.5625
                ],
                [
                    1,
                    996,
                    6991.47216796875
                ],
                [
                    2,
                    1494,
                    2951.21728515625
                ],
                [
                    3,
                    1992,
                    2652.599365234375
                ],
                [
                    4,
                    2490,
                    15629.646484375
                ],
                [
                    5,
                    2988,
                    1391.4493408203125
                ],
                [
                    6,
                    3486,
                    1095.203125
                ],
                [
                    7,
                    3984,
                    2605.18408203125
                ],
                [
                    8,
                    4482,
                    514.333740234375
                ],
                [
                    9,
                    4980,
                    1802.0885009765625
                ],
                [
                    10,
                    5478,
                    1662.1275634765625
                ],
                [
                    11,
                    5976,
                    3586.041015625
                ],
                [
                    12,
                    6474,
                    2577.451904296875
                ],
                [
                    13,
                    6972,
                    19418.544921875
                ]
            ]
        },
        "hazardous": {
            "accuracy": [
                [
                    0,
                    498,
                    0.8565598726272583
                ],
                [
                    1,
                    996,
                    0.7572933435440063
                ],
                [
                    2,
                    1494,
                    0.8563944101333618
                ],
                [
                    3,
                    1992,
                    0.8986929655075073
                ],
                [
                    4,
                    2490,
                    0.1529807597398758
                ],
                [
                    5,
                    2988,
                    0.8959907293319702
                ],
                [
                    6,
                    3486,
                    0.5137042999267578
                ],
                [
                    7,
                    3984,
                    0.8751447796821594
                ],
                [
                    8,
                    4482,
                    0.810731828212738
                ],
                [
                    9,
                    4980,
                    0.8973694443702698
                ],
                [
                    10,
                    5478,
                    0.8983621001243591
                ],
                [
                    11,
                    5976,
                    0.8983621001243591
                ],
                [
                    12,
                    6474,
                    0.38995203375816345
                ],
                [
                    13,
                    6972,
                    0.10163789987564087
                ]
            ],
            "loss": [
                [
                    0,
                    498,
                    206569.5625
                ],
                [
                    1,
                    996,
                    6991.47216796875
                ],
                [
                    2,
                    1494,
                    2951.21728515625
                ],
                [
                    3,
                    1992,
                    2652.599365234375
                ],
                [
                    4,
                    2490,
                    15629.646484375
                ],
                [
                    5,
                    2988,
                    1391.4493408203125
                ],
                [
                    6,
                    3486,
                    1095.203125
                ],
                [
                    7,
                    3984,
                    2605.18408203125
                ],
                [
                    8,
                    4482,
                    514.333740234375
                ],
                [
                    9,
                    4980,
                    1802.0885009765625
                ],
                [
                    10,
                    5478,
                    1662.1275634765625
                ],
                [
                    11,
                    5976,
                    3586.041015625
                ],
                [
                    12,
                    6474,
                    2577.451904296875
                ],
                [
                    13,
                    6972,
                    19418.544921875
                ]
            ]
        }
    },
    "train_metrics": {
        "combined": {
            "loss": [
                [
                    0,
                    498,
                    177826.703125
                ],
                [
                    1,
                    996,
                    6731.33349609375
                ],
                [
                    2,
                    1494,
                    2597.01220703125
                ],
                [
                    3,
                    1992,
                    2314.07373046875
                ],
                [
                    4,
                    2490,
                    15635.7177734375
                ],
                [
                    5,
                    2988,
                    1192.75048828125
                ],
                [
                    6,
                    3486,
                    1056.58935546875
                ],
                [
                    7,
                    3984,
                    2235.29931640625
                ],
                [
                    8,
                    4482,
                    486.0467834472656
                ],
                [
                    9,
                    4980,
                    1655.0634765625
                ],
                [
                    10,
                    5478,
                    1500.10595703125
                ],
                [
                    11,
                    5976,
                    3250.3408203125
                ],
                [
                    12,
                    6474,
                    2552.52880859375
                ],
                [
                    13,
                    6972,
                    19291.072265625
                ]
            ]
        },