{
    "batch_size": 128,
    "best_eval_metric": 878.3562622070312,
    "best_increase_batch_size_eval_metric": Infinity,
    "best_reduce_learning_rate_eval_metric": Infinity,
    "epoch": 13,
    "last_improvement": 2490,
    "last_improvement_steps": 3984,
    "last_increase_batch_size": 0,
    "last_increase_batch_size_eval_metric_improvement": 0,
    "last_increase_batch_size_steps": 0,
    "last_learning_rate_reduction": 0,
    "last_learning_rate_reduction_steps": 0,
    "last_reduce_learning_rate_eval_metric_improvement": 0,
    "learning_rate": 0.001,
    "num_increases_batch_size": 0,
    "num_reductions_learning_rate": 0,
    "steps": 6474,
    "test_metrics": {
        "combined": {
            "loss": [
                [
                    0,
                    498,
                    228433.296875
                ],
                [
                    1,
                    996,
                    7977.33544921875
                ],
                [
                    2,
                    1494,
                    10774.466796875
                ],
                [
                    3,
                    1992,
                    1304.291015625
                ],
                [
                    4,
                    2490,
                    3096.374755859375
                ],
                [
                    5,
                    2988,
                    2367.885009765625
                ],
                [
                    6,
                    3486,
                    15759.41015625
                ],
                [
                    7,
                    3984,
                    1017.39306640625
                ],
                [
                    8,
                    4482,
                    1603.2220458984375
                ],
                [
                    9,
                    4980,
                    1903.7020263671875
                ],
                [
                    10,
                    5478,
                    16946.1640625
                ],
                [
                    11,
                    5976,
                    9878.1875
                ],
                [
                    12,
                    6474,
                    7628.79833984375
                ]
            ]
        },
        "hazardous": {
            "accuracy": [
                [
                    0,
                    498,
                    0.8684167265892029
                ],
                [
                    1,
                    996,
                    0.7681023478507996
                ],
                [
                    2,
                    1494,
                    0.20619864761829376
                ],
                [
                    3,
                    1992,
                    0.8034522533416748
                ],
                [
                    4,
                    2490,
                    0.8983621001243591
                ],
                [
                    5,
                    2988,
                    0.43440136313438416
                ],
                [
                    6,
                    3486,
                    0.15347708761692047
                ],
                [
                    7,
                    3984,
                    0.8985275626182556
                ],
                [
                    8,
                    4482,
                    0.8976451754570007
                ],
                [
                    9,
                    4980,
                    0.8485082387924194
                ],
                [
                    10,
                    5478,
                    0.2237357348203659
                ],
                [
                    11,
                    5976,
                    0.39712128043174744
                ],
                [
                    12,
                    6474,
                    0.5342193841934204
                ]
            ],
            "loss": [
                [
                    0,
                    498,
                    228433.296875
                ],
                [
                    1,
                    996,
                    7977.33544921875
                ],
                [
                    2,
                    1494,
                    10774.466796875
                ],
                [
                    3,
                    1992,
                    1304.291015625
                ],
                [
                    4,
                    2490,
                    3096.374755859375
                ],
                [
                    5,
                    2988,
                    2367.885009765625
                ],
                [
                    6,
                    3486,
                    15759.41015625
                ],
                [
                    7,
                    3984,
                    1017.39306640625
                ],
                [
                    8,
                    4482,
                    1603.2220458984375
                ],
                [
                    9,
                    4980,
                    1903.7020263671875
                ],
                [
                    10,
                    5478,
                    16946.1640625
                ],
                [
                    11,
                    5976,
                    9878.1875
                ],
                [
                    12,
                    6474,
                    7628.79833984375
                ]
            ]
        }
    },
    "train_metrics": {
        "combined": {
            "loss": [
                [
                    0,
                    498,
                    196351.3125
                ],
                [
                    1,
                    996,
                    7497.73046875
                ],
                [
                    2,
                    1494,
                    10917.240234375
                ],
                [
                    3,
                    1992,
                    1241.6219482421875
                ],
                [
                    4,
                    2490,
                    2707.27294921875
                ],
                [
                    5,
                    2988,
                    2333.384765625
                ],
                [
                    6,
                    3486,
                    15755.728515625
                ],
                [
                    7,
                    3984,
                    903.1871948242188
                ],
                [
                    8,
                    4482,
                    1461.648193359375
                ],
                [
                    9,
                    4980,
                    1642.328857421875
                ],
                [
                    10,
                    5478,
                    16983.046875
                ],
                [
                    11,
                    5976,
                    9829.0068359375
                ],
                [
                    12,
                    6474,
                    7288.63818359375
                ]
            ]
        },