{
    "batch_size": 2048,
    "best_eval_metric": 0.9901849627494812,
    "best_increase_batch_size_eval_metric": Infinity,
    "best_reduce_learning_rate_eval_metric": Infinity,
    "epoch": 6,
    "last_improvement": 0,
    "last_improvement_steps": 192,
    "last_increase_batch_size": 0,
    "last_increase_batch_size_eval_metric_improvement": 0,
    "last_increase_batch_size_steps": 0,
    "last_learning_rate_reduction": 0,
    "last_learning_rate_reduction_steps": 0,
    "last_reduce_learning_rate_eval_metric_improvement": 0,
    "learning_rate": 0.025,
    "num_increases_batch_size": 0,
    "num_reductions_learning_rate": 0,
    "steps": 224,
    "test_metrics": {
        "combined": {
            "loss": [
                [
                    0,
                    32,
                    0.2749938599736197
                ],
                [
                    1,
                    64,
                    0.18577003858808894
                ],
                [
                    2,
                    96,
                    0.13258185517042875
                ],
                [
                    3,
                    128,
                    0.08760031849669758
                ],
                [
                    4,
                    160,
                    0.08850186522249714
                ],
                [
                    5,
                    192,
                    0.06024547752531362
                ]
            ]
        },
        "hazardous": {
            "accuracy": [
                [
                    0,
                    32,
                    0.8983621001243591
                ],
                [
                    1,
                    64,
                    0.9044835567474365
                ],
                [
                    2,
                    96,
                    0.9355870485305786
                ],
                [
                    3,
                    128,
                    0.9636574387550354
                ],
                [
                    4,
                    160,
                    0.9637125730514526
                ],
                [
                    5,
                    192,
                    0.9744664430618286
                ]
            ],
            "loss": [
                [
                    0,
                    32,
                    0.27491962909698486
                ],
                [
                    1,
                    64,
                    0.18570367991924286
                ],
                [
                    2,
                    96,
                    0.13252046704292297
                ],
                [
                    3,
                    128,
                    0.08754168450832367
                ],
                [
                    4,
                    160,
                    0.08844424039125443
                ],
                [
                    5,
                    192,
                    0.060188814997673035
                ]
            ],
            "roc_auc": [
                [
                    0,
                    32,
                    0.8127028942108154
                ],
                [
                    1,
                    64,
                    0.9286696314811707
                ],
                [
                    2,
                    96,
                    0.9663209319114685
                ],
                [
                    3,
                    128,
                    0.9850084185600281
                ],
                [
                    4,
                    160,
                    0.9834038019180298
                ],
                [
                    5,
                    192,
                    0.989872395992279
                ]
            ]
        }
    },
    "train_metrics": {
        "combined": {
            "loss": [
                [
                    0,
                    32,
                    0.26635212112159934
                ],
                [
                    1,
                    64,
                    0.1799658554009511
                ],
                [
                    2,
                    96,
                    0.12121414756256854
                ],
                [
                    3,
                    128,
                    0.0764979083869548
                ],
                [
                    4,
                    160,
                    0.08002903026499553
                ],
                [
                    5,
                    192,
                    0.04962514657381689
                ]
            ]
        },
        "hazardous": {
            "accuracy": [
                [
                    0,
                    32,
                    0.9040465354919434
                ],
                [
                    1,
                    64,
                    0.9111023545265198
                ],
                [
                    2,
                    96,
                    0.9421230554580688
                ],
                [
                    3,
                    128,
                    0.9679421782493591
                ],
                [
                    4,
                    160,
                    0.9666378498077393
                ],
                [
                    5,
                    192,
                    0.9775280952453613
                ]
            ],
            "loss": [
                [
                    0,
                    32,
                    0.26627808809280396
                ],
                [
                    1,
                    64,
                    0.17989811301231384
                ],
                [
                    2,
                    96,
                    0.12115166336297989
                ],
                [
                    3,
                    128,
                    0.07643859088420868
                ],
                [
                    4,
                    160,
                    0.07997114956378937
                ],
                [
                    5,
                    192,
                    0.04956824332475662
                ]
            ],
            "roc_auc": [
                [
                    0,
                    32,
                    0.8082901835441589
                ],
                [
                    1,
                    64,
                    0.9299538731575012
                ],
                [
                    2,
                    96,
                    0.9707050919532776
                ],
                [
                    3,
                    128,
                    0.9881786704063416
                ],
                [
                    4,
                    160,
                    0.9868959188461304
                ],
                [
                    5,
                    192,
                    0.993431568145752
                ]
            ]
        }
    },
    "tune_checkpoint_num": 6,
    "validation_metrics": {
        "combined": {
            "loss": [
                [
                    0,
                    32,
                    0.2600237323276815
                ],
                [
                    1,
                    64,
                    0.18336968552466715
                ],
                [
                    2,
                    96,
                    0.12814138604153413
                ],
                [
                    3,
                    128,
                    0.08353304961929098
                ],
                [
                    4,
                    160,
                    0.08650029308046214
                ],
                [
                    5,
                    192,
                    0.06186100481500034
                ]
            ]
        },