{
    "test": {
        "combined": {
            "loss": [
                228433.296875,
                7977.33544921875,
                10774.466796875,
                1304.291015625,
                3096.374755859375,
                2367.885009765625,
                15759.41015625,
                1017.39306640625,
                1603.2220458984375,
                1903.7020263671875,
                16946.1640625,
                9878.1875,
                7628.79833984375
            ]
        },
        "hazardous": {
            "accuracy": [
                0.8684167265892029,
                0.7681023478507996,
                0.20619864761829376,
                0.8034522533416748,
                0.8983621001243591,
                0.43440136313438416,
                0.15347708761692047,
                0.8985275626182556,
                0.8976451754570007,
                0.8485082387924194,
                0.2237357348203659,
                0.39712128043174744,
                0.5342193841934204
            ],
            "loss": [
                228433.296875,
                7977.33544921875,
                10774.466796875,
                1304.291015625,
                3096.374755859375,
                2367.885009765625,
                15759.41015625,
                1017.39306640625,
                1603.2220458984375,
                1903.7020263671875,
                16946.1640625,
                9878.1875,
                7628.79833984375
            ]
        }
    },
    "training": {
        "combined": {
            "loss": [
                196351.3125,
                7497.73046875,
                10917.240234375,
                1241.6219482421875,
                2707.27294921875,
                2333.384765625,
                15755.728515625,
                903.1871948242188,
                1461.648193359375,
                1642.328857421875,
                16983.046875,
                9829.0068359375,
                7288.63818359375
            ]
        },
        "hazardous": {
            "accuracy": [
                0.8734186887741089,
                0.7673607468605042,
                0.20253005623817444,
                0.8038029670715332,
                0.9040622115135193,
                0.4274534583091736,
                0.14630313217639923,
                0.9043293595314026,
                0.9036222100257874,
                0.8545454740524292,
                0.2176632285118103,
                0.3905555009841919,
                0.5351300239562988
            ],
            "loss": [
                196351.3125,
                7497.73046875,
                10917.240234375,
                1241.6219482421875,
                2707.27294921875,
                2333.384765625,
                15755.728515625,
                903.1871948242188,
                1461.648193359375,
                1642.328857421875,
                16983.046875,
                9829.0068359375,
                7288.63818359375
            ]
        }
    },
    "validation": {
        "combined": {
            "loss": [
                178900.640625,
                7117.34765625,
                10910.7255859375,
                1286.1103515625,
                2561.58642578125,
                2270.38623046875,
                15584.201171875,
                878.3562622070312,
                1469.7122802734375,
                1493.447021484375,
                16756.009765625,
                9631.0869140625,
                6998.54443359375
            ]
        },
        "hazardous": {
            "accuracy": [
                0.8738420605659485,
                0.7673136591911316,
                0.1990516036748886,
                0.8020511865615845,
                0.9016321301460266,
                0.4352668821811676,
                0.1503087729215622,
                0.9017423987388611,
                0.9015218615531921,
                0.8581826090812683,
                0.225297749042511,
                0.3953462839126587,
                0.5417953133583069
            ],
            "loss": [
                178900.640625,
                7117.34765625,
                10910.7255859375,
                1286.1103515625,
                2561.58642578125,
                2270.38623046875,
                15584.201171875,
                878.3562622070312,
                1469.7122802734375,
                1493.447021484375,
                16756.009765625,
                9631.0869140625,
                6998.54443359375
            ]
        }
    }
}