{
    "test": {
        "combined": {
            "loss": [
                226137.96875,
                8530.701171875,
                5812.294921875,
                1357.544189453125,
                820.996337890625,
                4182.2109375,
                406.7529296875,
                11426.52734375,
                2976.967529296875,
                3772.037353515625,
                1813.198486328125,
                7574.99365234375
            ]
        },
        "hazardous": {
            "accuracy": [
                0.8805492520332336,
                0.8127171397209167,
                0.8810455799102783,
                0.63216233253479,
                0.8803838491439819,
                0.3995477855205536,
                0.8716152906417847,
                0.33364585041999817,
                0.4497876763343811,
                0.4326917827129364,
                0.8983621001243591,
                0.3745657205581665
            ],
            "loss": [
                226137.96875,
                8530.701171875,
                5812.294921875,
                1357.544189453125,
                820.996337890625,
                4182.2109375,
                406.7529296875,
                11426.52734375,
                2976.967529296875,
                3772.037353515625,
                1813.198486328125,
                7574.99365234375
            ]
        }
    },
    "training": {
        "combined": {
            "loss": [
                193794.609375,
                8007.06103515625,
                5224.39453125,
                1372.7764892578125,
                748.18798828125,
                4153.380859375,
                367.159423828125,
                11448.7861328125,
                2923.280517578125,
                3723.34228515625,
                1582.55419921875,
                7555.86865234375
            ]
        },
        "hazardous": {
            "accuracy": [
                0.8851732611656189,
                0.8115816712379456,
                0.8856289982795715,
                0.6271862983703613,
                0.8851103782653809,
                0.39266127347946167,
                0.8747230172157288,
                0.32669129967689514,
                0.443482369184494,
                0.42632198333740234,
                0.9040622115135193,
                0.36959221959114075
            ],
            "loss": [
                193794.609375,
                8007.06103515625,
                5224.39453125,
                1372.7764892578125,
                748.18798828125,
                4153.380859375,
                367.159423828125,
                11448.7861328125,
                2923.280517578125,
                3723.34228515625,
                1582.55419921875,
                7555.86865234375
            ]
        }
    },
    "validation": {
        "combined": {
            "loss": [
                177623.90625,
                8090.6884765625,
                5192.5263671875,
                1414.3935546875,
                757.1653442382812,
                4064.270263671875,
                365.6586608886719,
                11268.4677734375,
                2842.2744140625,
                3631.842041015625,
                1497.07275390625,
                7417.14501953125
            ]
        },
        "hazardous": {
            "accuracy": [
                0.88332599401474,
                0.8105425834655762,
                0.8826643228530884,
                0.6198720932006836,
                0.8816717863082886,
                0.39832377433776855,
                0.8730701208114624,
                0.33425232768058777,
                0.4525805115699768,
                0.43548741936683655,
                0.9016321301460266,
                0.37681958079338074
            ],
            "loss": [
                177623.90625,
                8090.6884765625,
                5192.5263671875,
                1414.3935546875,
                757.1653442382812,
                4064.270263671875,
                365.6586608886719,
                11268.4677734375,
                2842.2744140625,
                3631.842041015625,
                1497.07275390625,
                7417.14501953125
            ]
        }
    }
}