{
    "batch_size": 128,
    "best_eval_metric": 365.6586608886719,
    "best_increase_batch_size_eval_metric": Infinity,
    "best_reduce_learning_rate_eval_metric": Infinity,
    "epoch": 12,
    "last_improvement": 2490,
    "last_improvement_steps": 3486,
    "last_increase_batch_size": 0,
    "last_increase_batch_size_eval_metric_improvement": 0,
    "last_increase_batch_size_steps": 0,
    "last_learning_rate_reduction": 0,
    "last_learning_rate_reduction_steps": 0,
    "last_reduce_learning_rate_eval_metric_improvement": 0,
    "learning_rate": 0.001,
    "num_increases_batch_size": 0,
    "num_reductions_learning_rate": 0,
    "steps": 5976,
    "test_metrics": {
        "combined": {
            "loss": [
                [
                    0,
                    498,
                    226137.96875
                ],
                [
                    1,
                    996,
                    8530.701171875
                ],
                [
                    2,
                    1494,
                    5812.294921875
                ],
                [
                    3,
                    1992,
                    1357.544189453125
                ],
                [
                    4,
                    2490,
                    820.996337890625
                ],
                [
                    5,
                    2988,
                    4182.2109375
                ],
                [
                    6,
                    3486,
                    406.7529296875
                ],
                [
                    7,
                    3984,
                    11426.52734375
                ],
                [
                    8,
                    4482,
                    2976.967529296875
                ],
                [
                    9,
                    4980,
                    3772.037353515625
                ],
                [
                    10,
                    5478,
                    1813.198486328125
                ],
                [
                    11,
                    5976,
                    7574.99365234375
                ]
            ]
        },
        "hazardous": {
            "accuracy": [
                [
                    0,
                    498,
                    0.8805492520332336
                ],
                [
                    1,
                    996,
                    0.8127171397209167
                ],
                [
                    2,
                    1494,
                    0.8810455799102783
                ],
                [
                    3,
                    1992,
                    0.63216233253479
                ],
                [
                    4,
                    2490,
                    0.8803838491439819
                ],
                [
                    5,
                    2988,
                    0.3995477855205536
                ],
                [
                    6,
                    3486,
                    0.8716152906417847
                ],
                [
                    7,
                    3984,
                    0.33364585041999817
                ],
                [
                    8,
                    4482,
                    0.4497876763343811
                ],
                [
                    9,
                    4980,
                    0.4326917827129364
                ],
                [
                    10,
                    5478,
                    0.8983621001243591
                ],
                [
                    11,
                    5976,
                    0.3745657205581665
                ]
            ],
            "loss": [
                [
                    0,
                    498,
                    226137.96875
                ],
                [
                    1,
                    996,
                    8530.701171875
                ],
                [
                    2,
                    1494,
                    5812.294921875
                ],
                [
                    3,
                    1992,
                    1357.544189453125
                ],
                [
                    4,
                    2490,
                    820.996337890625
                ],
                [
                    5,
                    2988,
                    4182.2109375
                ],
                [
                    6,
                    3486,
                    406.7529296875
                ],
                [
                    7,
                    3984,
                    11426.52734375
                ],
                [
                    8,
                    4482,
                    2976.967529296875
                ],
                [
                    9,
                    4980,
                    3772.037353515625
                ],
                [
                    10,
                    5478,
                    1813.198486328125
                ],
                [
                    11,
                    5976,
                    7574.99365234375
                ]
            ]
        }
    },
    "train_metrics": {
        "combined": {
            "loss": [
                [
                    0,
                    498,
                    193794.609375
                ],
                [
                    1,
                    996,
                    8007.06103515625
                ],
                [
                    2,
                    1494,
                    5224.39453125
                ],
                [
                    3,
                    1992,
                    1372.7764892578125
                ],
                [
                    4,
                    2490,
                    748.18798828125
                ],
                [
                    5,
                    2988,
                    4153.380859375
                ],
                [
                    6,
                    3486,
                    367.159423828125
                ],
                [
                    7,
                    3984,
                    11448.7861328125
                ],
                [
                    8,
                    4482,
                    2923.280517578125
                ],
                [
                    9,
                    4980,
                    3723.34228515625
                ],
                [
                    10,
                    5478,
                    1582.55419921875
                ],
                [
                    11,
                    5976,
                    7555.86865234375
                ]
            ]
        },