{
    "batch_size": 512,
    "best_eval_metric": 0.9806248545646667,
    "best_increase_batch_size_eval_metric": Infinity,
    "best_reduce_learning_rate_eval_metric": Infinity,
    "epoch": 4,
    "last_improvement": 0,
    "last_improvement_steps": 500,
    "last_increase_batch_size": 0,
    "last_increase_batch_size_eval_metric_improvement": 0,
    "last_increase_batch_size_steps": 0,
    "last_learning_rate_reduction": 0,
    "last_learning_rate_reduction_steps": 0,
    "last_reduce_learning_rate_eval_metric_improvement": 0,
    "learning_rate": 0.005,
    "num_increases_batch_size": 0,
    "num_reductions_learning_rate": 0,
    "steps": 625,
    "test_metrics": {
        "combined": {
            "loss": [
                [
                    0,
                    125,
                    0.42440632814509627
                ],
                [
                    1,
                    250,
                    0.19957630798285209
                ],
                [
                    2,
                    375,
                    0.13952513389756405
                ],
                [
                    3,
                    500,
                    0.09919813912517839
                ]
            ]
        },
        "hazardous": {
            "accuracy": [
                [
                    0,
                    125,
                    0.8983621001243591
                ],
                [
                    1,
                    250,
                    0.8987481594085693
                ],
                [
                    2,
                    375,
                    0.934814989566803
                ],
                [
                    3,
                    500,
                    0.9573705196380615
                ]
            ],
            "loss": [
                [
                    0,
                    125,
                    0.4244043231010437
                ],
                [
                    1,
                    250,
                    0.19957484304904938
                ],
                [
                    2,
                    375,
                    0.13952387869358063
                ],
                [
                    3,
                    500,
                    0.09919699281454086
                ]
            ],
            "roc_auc": [
                [
                    0,
                    125,
                    0.7765635251998901
                ],
                [
                    1,
                    250,
                    0.9156337380409241
                ],
                [
                    2,
                    375,
                    0.9648204445838928
                ],
                [
                    3,
                    500,
                    0.9815257787704468
                ]
            ]
        }
    },
    "train_metrics": {
        "combined": {
            "loss": [
                [
                    0,
                    125,
                    0.41981161483704454
                ],
                [
                    1,
                    250,
                    0.18867404351749428
                ],
                [
                    2,
                    375,
                    0.12610492644705573
                ],
                [
                    3,
                    500,
                    0.08308878814023046
                ]
            ]
        },
        "hazardous": {
            "accuracy": [
                [
                    0,
                    125,
                    0.9040622115135193
                ],
                [
                    1,
                    250,
                    0.9057593941688538
                ],
                [
                    2,
                    375,
                    0.9435373544692993
                ],
                [
                    3,
                    500,
                    0.9655849933624268
                ]
            ],
            "loss": [
                [
                    0,
                    125,
                    0.41980960965156555
                ],
                [
                    1,
                    250,
                    0.1886724829673767
                ],
                [
                    2,
                    375,
                    0.12610362470149994
                ],
                [
                    3,
                    500,
                    0.08308761566877365
                ]
            ],
            "roc_auc": [
                [
                    0,
                    125,
                    0.7787164449691772
                ],
                [
                    1,
                    250,
                    0.9190508127212524
                ],
                [
                    2,
                    375,
                    0.9705900549888611
                ],
                [
                    3,
                    500,
                    0.9869155287742615
                ]
            ]
        }
    },
    "tune_checkpoint_num": 4,
    "validation_metrics": {
        "combined": {
            "loss": [
                [
                    0,
                    125,
                    0.42158813078935964
                ],
                [
                    1,
                    250,
                    0.19079402596685213
                ],
                [
                    2,
                    375,
                    0.14003421729489673
                ],
                [
                    3,
                    500,
                    0.09860368910426587
                ]
            ]
        },
        "hazardous": {
            "accuracy": [
                [
                    0,
                    125,
                    0.9016321301460266
                ],
                [
                    1,
                    250,
                    0.9029554724693298
                ],
                [
                    2,
                    375,
                    0.933722972869873
                ],
                [
                    3,
                    500,
                    0.9564402103424072
                ]
            ],
            "loss": [
                [
                    0,
                    125,
                    0.42158612608909607
                ],
                [
                    1,
                    250,
                    0.1907925009727478
                ],
                [
                    2,
                    375,
                    0.14003293216228485
                ],
                [
                    3,
                    500,
                    0.0986025258898735
                ]
            ],
            "roc_auc": [
                [
                    0,
                    125,
                    0.7813661098480225
                ],
                [
                    1,
                    250,
                    0.9182260036468506
                ],
                [
                    2,
                    375,
                    0.9620145559310913
                ],
                [
                    3,
                    500,
                    0.9806248545646667
                ]
            ]
        }
    }
}