{
    "test": {
        "combined": {
            "loss": [
                206569.5625,
                6991.47216796875,
                2951.21728515625,
                2652.599365234375,
                15629.646484375,
                1391.4493408203125,
                1095.203125,
                2605.18408203125,
                514.333740234375,
                1802.0885009765625,
                1662.1275634765625,
                3586.041015625,
                2577.451904296875,
                19418.544921875
            ]
        },
        "hazardous": {
            "accuracy": [
                0.8565598726272583,
                0.7572933435440063,
                0.8563944101333618,
                0.8986929655075073,
                0.1529807597398758,
                0.8959907293319702,
                0.5137042999267578,
                0.8751447796821594,
                0.810731828212738,
                0.8973694443702698,
                0.8983621001243591,
                0.8983621001243591,
                0.38995203375816345,
                0.10163789987564087
            ],
            "loss": [
                206569.5625,
                6991.47216796875,
                2951.21728515625,
                2652.599365234375,
                15629.646484375,
                1391.4493408203125,
                1095.203125,
                2605.18408203125,
                514.333740234375,
                1802.0885009765625,
                1662.1275634765625,
                3586.041015625,
                2577.451904296875,
                19418.544921875
            ]
        }
    },
    "training": {
        "combined": {
            "loss": [
                177826.703125,
                6731.33349609375,
                2597.01220703125,
                2314.07373046875,
                15635.7177734375,
                1192.75048828125,
                1056.58935546875,
                2235.29931640625,
                486.0467834472656,
                1655.0634765625,
                1500.10595703125,
                3250.3408203125,
                2552.52880859375,
                19291.072265625
            ]
        },
        "hazardous": {
            "accuracy": [
                0.8608155846595764,
                0.7530918717384338,
                0.8563997745513916,
                0.9040465354919434,
                0.1458631306886673,
                0.9006993174552917,
                0.5145910382270813,
                0.8792331218719482,
                0.810183048248291,
                0.9032293558120728,
                0.9041093587875366,
                0.9040622115135193,
                0.3833582103252411,
                0.09593777358531952
            ],
            "loss": [
                177826.703125,
                6731.33349609375,
                2597.01220703125,
                2314.07373046875,
                15635.7177734375,
                1192.75048828125,
                1056.58935546875,
                2235.29931640625,
                486.0467834472656,
                1655.0634765625,
                1500.10595703125,
                3250.3408203125,
                2552.52880859375,
                19291.072265625
            ]
        }
    },
    "validation": {
        "combined": {
            "loss": [
                162078.25,
                6607.8125,
                2390.664794921875,
                2197.3515625,
                15469.837890625,
                1098.82177734375,
                1012.5589599609375,
                2035.8785400390625,
                495.9842529296875,
                1675.0123291015625,
                1484.56201171875,
                3224.033935546875,
                2493.621337890625,
                19366.3203125
            ]
        },
        "hazardous": {
            "accuracy": [
                0.8617115020751953,
                0.7567269802093506,
                0.8561975955963135,
                0.9016321301460266,
                0.14975738525390625,
                0.8977723717689514,
                0.5184164047241211,
                0.8802381753921509,
                0.8093295097351074,
                0.9014115333557129,
                0.9016321301460266,
                0.9016321301460266,
                0.3910454213619232,
                0.09836788475513458
            ],
            "loss": [
                162078.25,
                6607.8125,
                2390.664794921875,
                2197.3515625,
                15469.837890625,
                1098.82177734375,
                1012.5589599609375,
                2035.8785400390625,
                495.9842529296875,
                1675.0123291015625,
                1484.56201171875,
                3224.033935546875,
                2493.621337890625,
                19366.3203125
            ]
        }
    }
}